{
  "Shablons": [
    {
      "Name": "\u0414\u043E\u043A\u0443\u043C\u0435\u043D\u0442 PowerPoint",
      "Filter": {
        "Mask": "*.ppt*",
        "DateTimeIntervalChange": {
          "Start": "2023-12-28T15:19:35.8750028+03:00",
          "End": "2023-12-28T15:19:35.8750136+03:00"
        },
        "HasDateTimeIntervalChange": false,
        "DateTimeIntervalCreate": {
          "Start": "2023-12-28T15:19:34.6312701+03:00",
          "End": "2023-12-28T15:19:34.6312803+03:00"
        },
        "HasDateTimeIntervalCreate": false,
        "SizeBitesInterval": {
          "Start": 0,
          "End": 0,
          "TypeSize": 0
        },
        "HasSizeBitsInterval": false
      }
    },
    {
      "Name": "\u0414\u043E\u043A\u0443\u043C\u0435\u043D\u0442 Word",
      "Filter": {
        "Mask": "*.doc*",
        "DateTimeIntervalChange": {
          "Start": "2023-12-22T21:26:15.4108986+03:00",
          "End": "2023-12-22T21:26:15.4109014+03:00"
        },
        "HasDateTimeIntervalChange": false,
        "DateTimeIntervalCreate": {
          "Start": "2023-12-22T21:26:16.0445208+03:00",
          "End": "2023-12-22T21:26:16.0445236+03:00"
        },
        "HasDateTimeIntervalCreate": false,
        "SizeBitesInterval": {
          "Start": 0,
          "End": 0,
          "TypeSize": 0
        },
        "HasSizeBitsInterval": false
      }
    },
    {
      "Name": "\u0422\u0435\u043A\u0441\u0442\u043E\u0432\u044B\u0439 \u0434\u043E\u043A\u0443\u043C\u0435\u043D\u0442",
      "Filter": {
        "Mask": "*.txt",
        "DateTimeIntervalChange": {
          "Start": "0001-01-01T00:00:00",
          "End": "0001-01-01T00:00:00"
        },
        "HasDateTimeIntervalChange": false,
        "DateTimeIntervalCreate": {
          "Start": "0001-01-01T00:00:00",
          "End": "0001-01-01T00:00:00"
        },
        "HasDateTimeIntervalCreate": false,
        "SizeBitesInterval": {
          "Start": 0,
          "End": 0,
          "TypeSize": 0
        },
        "HasSizeBitsInterval": false
      }
    },
    {
      "Name": "\u041A\u0430\u0440\u0442\u0438\u043D\u043A\u0438 (png)",
      "Filter": {
        "Mask": "*.png",
        "DateTimeIntervalChange": {
          "Start": "0001-01-01T00:00:00",
          "End": "0001-01-01T00:00:00"
        },
        "HasDateTimeIntervalChange": false,
        "DateTimeIntervalCreate": {
          "Start": "0001-01-01T00:00:00",
          "End": "0001-01-01T00:00:00"
        },
        "HasDateTimeIntervalCreate": false,
        "SizeBitesInterval": {
          "Start": 1,
          "End": 8,
          "TypeSize": 2
        },
        "HasSizeBitsInterval": true
      }
    },
    {
      "Name": "\u0428\u0440\u0438\u0444\u0442\u044B (*tf)",
      "Filter": {
        "Mask": "*.*tf",
        "DateTimeIntervalChange": {
          "Start": "0001-01-01T00:00:00",
          "End": "0001-01-01T00:00:00"
        },
        "HasDateTimeIntervalChange": false,
        "DateTimeIntervalCreate": {
          "Start": "0001-01-01T00:00:00",
          "End": "0001-01-01T00:00:00"
        },
        "HasDateTimeIntervalCreate": false,
        "SizeBitesInterval": {
          "Start": 0,
          "End": 0,
          "TypeSize": 0
        },
        "HasSizeBitsInterval": false
      }
    },
    {
      "Name": "\u0428\u0440\u0438\u0444\u0442\u044B (woff*)",
      "Filter": {
        "Mask": "*.woff*",
        "DateTimeIntervalChange": {
          "Start": "0001-01-01T00:00:00",
          "End": "0001-01-01T00:00:00"
        },
        "HasDateTimeIntervalChange": false,
        "DateTimeIntervalCreate": {
          "Start": "0001-01-01T00:00:00",
          "End": "0001-01-01T00:00:00"
        },
        "HasDateTimeIntervalCreate": false,
        "SizeBitesInterval": {
          "Start": 0,
          "End": 0,
          "TypeSize": 0
        },
        "HasSizeBitsInterval": false
      }
    },
    {
      "Name": "\u0428\u0440\u0438\u0444\u0442\u044B (eot)",
      "Filter": {
        "Mask": "*.eot",
        "DateTimeIntervalChange": {
          "Start": "0001-01-01T00:00:00",
          "End": "0001-01-01T00:00:00"
        },
        "HasDateTimeIntervalChange": false,
        "DateTimeIntervalCreate": {
          "Start": "0001-01-01T00:00:00",
          "End": "0001-01-01T00:00:00"
        },
        "HasDateTimeIntervalCreate": false,
        "SizeBitesInterval": {
          "Start": 0,
          "End": 0,
          "TypeSize": 0
        },
        "HasSizeBitsInterval": false
      }
    },
    {
      "Name": "\u0418\u0441\u0445\u043E\u0434\u043D\u044B\u0439 \u043A\u043E\u0434 (C#)",
      "Filter": {
        "Mask": "*.cs*",
        "DateTimeIntervalChange": {
          "Start": "0001-01-01T00:00:00",
          "End": "0001-01-01T00:00:00"
        },
        "HasDateTimeIntervalChange": false,
        "DateTimeIntervalCreate": {
          "Start": "0001-01-01T00:00:00",
          "End": "0001-01-01T00:00:00"
        },
        "HasDateTimeIntervalCreate": false,
        "SizeBitesInterval": {
          "Start": 0,
          "End": 0,
          "TypeSize": 0
        },
        "HasSizeBitsInterval": false
      }
    },
    {
      "Name": "\u0420\u0435\u0448\u0435\u043D\u0438\u0435 Visual Studio",
      "Filter": {
        "Mask": "*.sln",
        "DateTimeIntervalChange": {
          "Start": "0001-01-01T00:00:00",
          "End": "0001-01-01T00:00:00"
        },
        "HasDateTimeIntervalChange": false,
        "DateTimeIntervalCreate": {
          "Start": "0001-01-01T00:00:00",
          "End": "0001-01-01T00:00:00"
        },
        "HasDateTimeIntervalCreate": false,
        "SizeBitesInterval": {
          "Start": 0,
          "End": 0,
          "TypeSize": 0
        },
        "HasSizeBitsInterval": false
      }
    },
    {
      "Name": "\u0411\u043B\u043E\u043A\u0438 \u0432 \u0441\u0445\u0435\u043C\u043E\u0442\u0435\u0445\u043D\u0438\u043A\u0435",
      "Filter": {
        "Mask": "*.cbe",
        "DateTimeIntervalChange": {
          "Start": "0001-01-01T00:00:00",
          "End": "0001-01-01T00:00:00"
        },
        "HasDateTimeIntervalChange": false,
        "DateTimeIntervalCreate": {
          "Start": "0001-01-01T00:00:00",
          "End": "0001-01-01T00:00:00"
        },
        "HasDateTimeIntervalCreate": false,
        "SizeBitesInterval": {
          "Start": 0,
          "End": 0,
          "TypeSize": 0
        },
        "HasSizeBitsInterval": false
      }
    },
    {
      "Name": "\u041F\u0440\u043E\u0435\u043A\u0442\u044B \u0441\u0445\u0435\u043C\u043E\u0442\u0435\u0445\u043D\u0438\u043A\u0430",
      "Filter": {
        "Mask": "*.pbs",
        "DateTimeIntervalChange": {
          "Start": "0001-01-01T00:00:00",
          "End": "0001-01-01T00:00:00"
        },
        "HasDateTimeIntervalChange": false,
        "DateTimeIntervalCreate": {
          "Start": "0001-01-01T00:00:00",
          "End": "0001-01-01T00:00:00"
        },
        "HasDateTimeIntervalCreate": false,
        "SizeBitesInterval": {
          "Start": 0,
          "End": 0,
          "TypeSize": 0
        },
        "HasSizeBitsInterval": false
      }
    },
    {
      "Name": "\u041B\u044E\u0431\u043E\u0439 \u0444\u0430\u0439\u043B",
      "Filter": {
        "Mask": "*.*",
        "DateTimeIntervalChange": {
          "Start": "0001-01-01T00:00:00",
          "End": "0001-01-01T00:00:00"
        },
        "HasDateTimeIntervalChange": false,
        "DateTimeIntervalCreate": {
          "Start": "2023-12-28T16:26:25.3199619+03:00",
          "End": "2023-12-28T16:26:25.3199816+03:00"
        },
        "HasDateTimeIntervalCreate": false,
        "SizeBitesInterval": {
          "Start": 0,
          "End": 0,
          "TypeSize": 0
        },
        "HasSizeBitsInterval": false
      }
    },
    {
      "Name": "\u041A\u0430\u0440\u0442\u0438\u043D\u043A\u0438 (jpg)",
      "Filter": {
        "Mask": "*.jpg",
        "DateTimeIntervalChange": {
          "Start": "0001-01-01T00:00:00",
          "End": "0001-01-01T00:00:00"
        },
        "HasDateTimeIntervalChange": false,
        "DateTimeIntervalCreate": {
          "Start": "0001-01-01T00:00:00",
          "End": "0001-01-01T00:00:00"
        },
        "HasDateTimeIntervalCreate": false,
        "SizeBitesInterval": {
          "Start": 0,
          "End": 0,
          "TypeSize": 0
        },
        "HasSizeBitsInterval": false
      }
    },
    {
      "Name": "\u0410\u0440\u0445\u0438\u0432 (zip)",
      "Filter": {
        "Mask": "*.zip",
        "DateTimeIntervalChange": {
          "Start": "0001-01-01T00:00:00",
          "End": "0001-01-01T00:00:00"
        },
        "HasDateTimeIntervalChange": false,
        "DateTimeIntervalCreate": {
          "Start": "0001-01-01T00:00:00",
          "End": "0001-01-01T00:00:00"
        },
        "HasDateTimeIntervalCreate": false,
        "SizeBitesInterval": {
          "Start": 0,
          "End": 0,
          "TypeSize": 0
        },
        "HasSizeBitsInterval": false
      }
    },
    {
      "Name": "\u0410\u0440\u0445\u0438\u0432 (7z)",
      "Filter": {
        "Mask": "*.7z",
        "DateTimeIntervalChange": {
          "Start": "0001-01-01T00:00:00",
          "End": "0001-01-01T00:00:00"
        },
        "HasDateTimeIntervalChange": false,
        "DateTimeIntervalCreate": {
          "Start": "0001-01-01T00:00:00",
          "End": "0001-01-01T00:00:00"
        },
        "HasDateTimeIntervalCreate": false,
        "SizeBitesInterval": {
          "Start": 0,
          "End": 0,
          "TypeSize": 0
        },
        "HasSizeBitsInterval": false
      }
    }
  ]
}