{
  "Shablons": [
    {
      "Name": "\u041E\u0431\u044A\u0451\u043C\u043D\u044B\u0435 \u043A\u0430\u0440\u0442\u0438\u043D\u043A\u0438",
      "Filter": {
        "Mask": "*.jpg",
        "DateTimeIntervalChange": {
          "Start": "0001-01-01T00:00:00",
          "End": "0001-01-01T00:00:00"
        },
        "HasDateTimeIntervalChange": false,
        "DateTimeIntervalCreate": {
          "Start": "0001-01-01T00:00:00",
          "End": "0001-01-01T00:00:00"
        },
        "HasDateTimeIntervalCreate": false,
        "SizeBitesInterval": {
          "Start": 10,
          "End": 100,
          "TypeSize": 2
        },
        "HasSizeBitsInterval": true
      }
    },
    {
      "Name": "TTT",
      "Filter": {
        "Mask": "*TTT*",
        "DateTimeIntervalChange": {
          "Start": "0001-01-01T00:00:00",
          "End": "0001-01-01T00:00:00"
        },
        "HasDateTimeIntervalChange": false,
        "DateTimeIntervalCreate": {
          "Start": "0001-01-01T00:00:00",
          "End": "0001-01-01T00:00:00"
        },
        "HasDateTimeIntervalCreate": false,
        "SizeBitesInterval": {
          "Start": 0,
          "End": 0,
          "TypeSize": 0
        },
        "HasSizeBitsInterval": false
      }
    }
  ]
}